# hratio, natural basis, f32 device arithmetic
# sealed=/Users/pjmalandrino/qwen3-4b-tetra-q5.bin calib=wikitext2 tokens=16384
block	proj	d_out	d_in	tetra_wH	int4_wH	ratio
0	self_attn.q_proj	4096	2560	1.541015506e-1	4.857470095e-2	3.172465
0	self_attn.k_proj	1024	2560	4.310317338e-2	1.351323538e-2	3.189700
0	self_attn.o_proj	2560	4096	6.584599614e-2	2.823948860e-2	2.331699
0	mlp.gate_proj	9728	2560	9.530534744e0	1.984219551e0	4.803165
0	mlp.up_proj	9728	2560	8.240818024e0	1.680473089e0	4.903868
0	mlp.down_proj	2560	9728	8.318547010e-1	1.770725846e-1	4.697818
1	self_attn.q_proj	4096	2560	1.695211232e-1	8.341042697e-2	2.032373
1	self_attn.k_proj	1024	2560	4.663391411e-2	2.231772989e-2	2.089546
1	self_attn.o_proj	2560	4096	1.173894033e-1	3.509799764e-2	3.344618
1	mlp.gate_proj	9728	2560	1.756538696e2	3.403866272e2	0.516042
1	mlp.up_proj	9728	2560	4.953386688e1	9.686791992e1	0.511355
1	mlp.down_proj	2560	9728	2.067371011e-1	5.016801357e-1	0.412089
2	self_attn.q_proj	4096	2560	5.445882082e-1	1.597777903e-1	3.408410
2	self_attn.k_proj	1024	2560	1.478098333e-1	4.611460865e-2	3.205271
2	self_attn.o_proj	2560	4096	1.789062768e-1	4.287533835e-2	4.172708
2	mlp.gate_proj	9728	2560	1.469477844e2	5.140347900e2	0.285871
2	mlp.up_proj	9728	2560	1.214164276e2	3.294724121e2	0.368518
2	mlp.down_proj	2560	9728	2.014878839e-1	1.142067462e-1	1.764238
3	self_attn.q_proj	4096	2560	1.104683399e0	3.714524806e-1	2.973956
3	self_attn.k_proj	1024	2560	2.844903469e-1	9.649610519e-2	2.948205
3	self_attn.o_proj	2560	4096	2.840936482e-1	6.935068220e-2	4.096480
3	mlp.gate_proj	9728	2560	2.626700439e2	4.490338135e2	0.584967
3	mlp.up_proj	9728	2560	1.222179184e2	1.759552155e2	0.694597
3	mlp.down_proj	2560	9728	1.234335899e0	3.794639111e-1	3.252841
4	self_attn.q_proj	4096	2560	2.298059464e0	5.791732073e-1	3.967828
4	self_attn.k_proj	1024	2560	5.895834565e-1	1.755124331e-1	3.359212
4	self_attn.o_proj	2560	4096	6.640883684e-1	1.152857244e-1	5.760369
4	mlp.gate_proj	9728	2560	3.255634155e2	3.226856689e2	1.008918
4	mlp.up_proj	9728	2560	1.337203979e2	9.039559174e1	1.479280
4	mlp.down_proj	2560	9728	3.587752342e0	7.329623699e-1	4.894866
5	self_attn.q_proj	4096	2560	2.486862183e0	7.553769350e-1	3.292214
5	self_attn.k_proj	1024	2560	6.322494745e-1	2.048720866e-1	3.086069
5	self_attn.o_proj	2560	4096	7.158684134e-1	1.809618920e-1	3.955907
5	mlp.gate_proj	9728	2560	1.440188599e2	8.041621399e1	1.790918
5	mlp.up_proj	9728	2560	7.709954834e1	2.595180130e1	2.970875
5	mlp.down_proj	2560	9728	7.269561768e0	1.167596817e0	6.226089
6	self_attn.q_proj	4096	2560	5.178094864e0	1.701732278e0	3.042838
6	self_attn.k_proj	1024	2560	1.240372658e0	4.373045862e-1	2.836404
6	self_attn.o_proj	2560	4096	2.021701813e0	4.569568038e-1	4.424273
6	mlp.gate_proj	9728	2560	1.462968140e2	5.828641129e1	2.509964
6	mlp.up_proj	9728	2560	9.339997864e1	3.622736359e1	2.578161
6	mlp.down_proj	2560	9728	1.047829819e1	1.206392578e3	0.008686
7	self_attn.q_proj	4096	2560	8.991521835e0	4.060778618e0	2.214236
7	self_attn.k_proj	1024	2560	2.286500931e0	1.237957954e0	1.846994
7	self_attn.o_proj	2560	4096	2.105902433e0	5.321699977e-1	3.957199
7	mlp.gate_proj	9728	2560	1.836549530e2	5.795632172e1	3.168851
7	mlp.up_proj	9728	2560	1.226080780e2	3.807344818e1	3.220304
7	mlp.down_proj	2560	9728	1.392035007e1	1.879836082e0	7.405087
8	self_attn.q_proj	4096	2560	1.788583183e1	5.285501957e0	3.383942
8	self_attn.k_proj	1024	2560	4.675379753e0	1.490563154e0	3.136653
8	self_attn.o_proj	2560	4096	3.755627155e0	8.229684234e-1	4.563513
8	mlp.gate_proj	9728	2560	1.712179260e2	2.884609985e1	5.935566
8	mlp.up_proj	9728	2560	1.384409637e2	2.224469757e1	6.223549
8	mlp.down_proj	2560	9728	1.807579231e1	2.550781727e0	7.086374
9	self_attn.q_proj	4096	2560	1.950700951e1	6.712196350e0	2.906204
9	self_attn.k_proj	1024	2560	5.070022583e0	1.988996387e0	2.549036
9	self_attn.o_proj	2560	4096	3.084261894e0	8.251009583e-1	3.738042
9	mlp.gate_proj	9728	2560	2.796828613e2	5.153151703e1	5.427414
9	mlp.up_proj	9728	2560	1.786004944e2	3.083022308e1	5.793033
9	mlp.down_proj	2560	9728	1.962973022e1	2.893465757e0	6.784158
10	self_attn.q_proj	4096	2560	3.526171875e1	1.133303738e1	3.111409
10	self_attn.k_proj	1024	2560	8.962980270e0	3.278831482e0	2.733590
10	self_attn.o_proj	2560	4096	5.746788025e0	1.336906433e0	4.298572
10	mlp.gate_proj	9728	2560	2.317673645e2	3.993051147e1	5.804267
10	mlp.up_proj	9728	2560	1.607316742e2	2.676701736e1	6.004841
10	mlp.down_proj	2560	9728	1.736170959e1	2.696233749e0	6.439245
11	self_attn.q_proj	4096	2560	1.573772049e1	5.505402088e0	2.858596
11	self_attn.k_proj	1024	2560	4.304737091e0	1.595819235e0	2.697509
11	self_attn.o_proj	2560	4096	3.937260389e0	9.584327936e-1	4.108019
11	mlp.gate_proj	9728	2560	1.894961395e2	3.205709076e1	5.911208
11	mlp.up_proj	9728	2560	1.484097748e2	2.489277267e1	5.961962
11	mlp.down_proj	2560	9728	1.639259720e1	2.479729652e0	6.610639
12	self_attn.q_proj	4096	2560	1.784549141e1	6.835200310e0	2.610822
12	self_attn.k_proj	1024	2560	4.663607597e0	2.116355658e0	2.203603
12	self_attn.o_proj	2560	4096	4.332612991e0	1.318454862e0	3.286129
12	mlp.gate_proj	9728	2560	1.629203796e2	2.888734627e1	5.639853
12	mlp.up_proj	9728	2560	1.405645905e2	2.434995270e1	5.772684
12	mlp.down_proj	2560	9728	1.544046021e1	2.683170319e0	5.754558
13	self_attn.q_proj	4096	2560	1.270574665e1	4.617702007e0	2.751530
13	self_attn.k_proj	1024	2560	3.289968967e0	1.228286505e0	2.678503
13	self_attn.o_proj	2560	4096	3.038340330e0	1.116417885e0	2.721508
13	mlp.gate_proj	9728	2560	1.492375793e2	2.801133728e1	5.327756
13	mlp.up_proj	9728	2560	1.388445435e2	2.527847672e1	5.492599
13	mlp.down_proj	2560	9728	1.546289062e1	2.751332760e0	5.620146
14	self_attn.q_proj	4096	2560	2.197909927e1	9.010491371e0	2.439279
14	self_attn.k_proj	1024	2560	5.648796082e0	2.749825001e0	2.054238
14	self_attn.o_proj	2560	4096	5.759007454e0	1.961572886e0	2.935913
14	mlp.gate_proj	9728	2560	1.357712860e2	2.766787720e1	4.907181
14	mlp.up_proj	9728	2560	1.286060791e2	2.479804611e1	5.186138
14	mlp.down_proj	2560	9728	1.342168808e1	2.778169870e0	4.831126
15	self_attn.q_proj	4096	2560	2.020242691e1	8.426254272e0	2.397557
15	self_attn.k_proj	1024	2560	5.188196182e0	2.693860531e0	1.925933
15	self_attn.o_proj	2560	4096	5.167588234e0	2.191102982e0	2.358442
15	mlp.gate_proj	9728	2560	1.221112366e2	2.538854980e1	4.809697
15	mlp.up_proj	9728	2560	1.204178467e2	2.369998550e1	5.080925
15	mlp.down_proj	2560	9728	1.249259949e1	2.465919256e0	5.066102
16	self_attn.q_proj	4096	2560	3.597532654e1	1.340903091e1	2.682918
16	self_attn.k_proj	1024	2560	8.677252769e0	4.127135277e0	2.102488
16	self_attn.o_proj	2560	4096	5.226111412e0	1.625356436e0	3.215363
16	mlp.gate_proj	9728	2560	1.354925232e2	2.880566025e1	4.703677
16	mlp.up_proj	9728	2560	1.257402573e2	2.547840881e1	4.935169
16	mlp.down_proj	2560	9728	1.228081036e1	2.768035278e2	0.044367
17	self_attn.q_proj	4096	2560	3.051039505e1	1.135839081e1	2.686155
17	self_attn.k_proj	1024	2560	6.654297352e0	2.941290379e0	2.262373
17	self_attn.o_proj	2560	4096	5.455855370e0	2.261146069e0	2.412872
17	mlp.gate_proj	9728	2560	1.248500519e2	2.610639191e1	4.782356
17	mlp.up_proj	9728	2560	1.181129608e2	2.376570702e1	4.969890
17	mlp.down_proj	2560	9728	1.246320438e1	2.295827150e0	5.428634
18	self_attn.q_proj	4096	2560	3.089418221e1	1.294236565e1	2.387058
18	self_attn.k_proj	1024	2560	7.307242393e0	3.892608404e0	1.877210
18	self_attn.o_proj	2560	4096	5.570963860e0	2.372566223e0	2.348075
18	mlp.gate_proj	9728	2560	1.270410156e2	2.760218048e1	4.602572
18	mlp.up_proj	9728	2560	1.242941437e2	2.536740112e1	4.899759
18	mlp.down_proj	2560	9728	1.350125980e1	3.069806099e0	4.398082
19	self_attn.q_proj	4096	2560	5.942774200e1	2.724561310e1	2.181186
19	self_attn.k_proj	1024	2560	1.337641430e1	8.370820045e0	1.597981
19	self_attn.o_proj	2560	4096	8.123668671e0	3.274166107e0	2.481141
19	mlp.gate_proj	9728	2560	1.306182861e2	3.053636169e1	4.277467
19	mlp.up_proj	9728	2560	1.287843018e2	2.833713913e1	4.544718
19	mlp.down_proj	2560	9728	1.538355064e1	3.371175051e0	4.563261
20	self_attn.q_proj	4096	2560	5.120761108e1	2.413599968e1	2.121628
20	self_attn.k_proj	1024	2560	1.018261528e1	6.592925072e0	1.544476
20	self_attn.o_proj	2560	4096	7.828684330e0	3.255596161e0	2.404685
20	mlp.gate_proj	9728	2560	1.346930084e2	3.258432770e1	4.133675
20	mlp.up_proj	9728	2560	1.363694153e2	2.994767189e1	4.553590
20	mlp.down_proj	2560	9728	1.715452957e1	3.435325623e0	4.993567
21	self_attn.q_proj	4096	2560	6.621133423e1	2.989138794e1	2.215064
21	self_attn.k_proj	1024	2560	1.622712326e1	9.664216995e0	1.679093
21	self_attn.o_proj	2560	4096	8.798524857e0	3.603766441e0	2.441480
21	mlp.gate_proj	9728	2560	1.565750885e2	3.921778107e1	3.992451
21	mlp.up_proj	9728	2560	1.602789307e2	3.465906906e1	4.624444
21	mlp.down_proj	2560	9728	2.196334839e1	4.422898293e0	4.965827
22	self_attn.q_proj	4096	2560	1.266079712e2	6.557594299e1	1.930708
22	self_attn.k_proj	1024	2560	2.572489929e1	1.695378494e1	1.517354
22	self_attn.o_proj	2560	4096	1.518705845e1	5.795684814e0	2.620408
22	mlp.gate_proj	9728	2560	1.772619171e2	5.218502045e1	3.396797
22	mlp.up_proj	9728	2560	1.740572510e2	4.310401917e1	4.038075
22	mlp.down_proj	2560	9728	3.042912292e1	7.130214214e0	4.267631
23	self_attn.q_proj	4096	2560	1.276100769e2	5.714890289e1	2.232940
23	self_attn.k_proj	1024	2560	2.507905960e1	1.876235390e1	1.336669
23	self_attn.o_proj	2560	4096	1.931156349e1	6.752233505e0	2.860026
23	mlp.gate_proj	9728	2560	2.160932312e2	6.708018494e1	3.221417
23	mlp.up_proj	9728	2560	2.033072510e2	5.325152588e1	3.817867
23	mlp.down_proj	2560	9728	4.292712402e1	9.293873787e0	4.618862
24	self_attn.q_proj	4096	2560	2.118645630e2	9.041748810e1	2.343181
24	self_attn.k_proj	1024	2560	4.210015488e1	2.801952744e1	1.502529
24	self_attn.o_proj	2560	4096	2.361357689e1	7.588590622e0	3.111721
24	mlp.gate_proj	9728	2560	2.335437012e2	7.665690613e1	3.046610
24	mlp.up_proj	9728	2560	2.172232208e2	5.880160904e1	3.694171
24	mlp.down_proj	2560	9728	5.474777222e1	1.122020912e1	4.879390
25	self_attn.q_proj	4096	2560	1.472844543e2	7.060072327e1	2.086161
25	self_attn.k_proj	1024	2560	3.394897842e1	2.181719208e1	1.556065
25	self_attn.o_proj	2560	4096	1.377791214e1	3.930559874e0	3.505331
25	mlp.gate_proj	9728	2560	2.707765503e2	8.569674683e1	3.159706
25	mlp.up_proj	9728	2560	2.462514954e2	6.537605286e1	3.766693
25	mlp.down_proj	2560	9728	6.387215424e1	1.293835258e1	4.936653
26	self_attn.q_proj	4096	2560	2.374130554e2	1.020738525e2	2.325895
26	self_attn.k_proj	1024	2560	5.041883469e1	2.805112076e1	1.797391
26	self_attn.o_proj	2560	4096	1.653779602e1	3.679018497e0	4.495165
26	mlp.gate_proj	9728	2560	3.307080078e2	9.885560608e1	3.345364
26	mlp.up_proj	9728	2560	3.070585327e2	7.865946960e1	3.903644
26	mlp.down_proj	2560	9728	7.291163635e1	1.440445328e1	5.061743
27	self_attn.q_proj	4096	2560	2.864706421e2	1.224450455e2	2.339585
27	self_attn.k_proj	1024	2560	5.790550232e1	3.285837173e1	1.762275
27	self_attn.o_proj	2560	4096	2.628640938e1	5.818707466e0	4.517568
27	mlp.gate_proj	9728	2560	3.788377075e2	1.060894928e2	3.570926
27	mlp.up_proj	9728	2560	3.618856812e2	8.831489563e1	4.097674
27	mlp.down_proj	2560	9728	9.562506104e1	1.998577881e1	4.784655
28	self_attn.q_proj	4096	2560	2.872550659e2	1.443451843e2	1.990056
28	self_attn.k_proj	1024	2560	5.938263702e1	4.403904724e1	1.348409
28	self_attn.o_proj	2560	4096	2.537453842e1	7.534863472e0	3.367618
28	mlp.gate_proj	9728	2560	4.283243713e2	1.148194733e2	3.730416
28	mlp.up_proj	9728	2560	4.235568542e2	1.010188141e2	4.192851
28	mlp.down_proj	2560	9728	1.263682709e2	2.756303406e1	4.584701
29	self_attn.q_proj	4096	2560	5.985358887e2	2.911174011e2	2.055995
29	self_attn.k_proj	1024	2560	1.212313614e2	7.778909302e1	1.558462
29	self_attn.o_proj	2560	4096	4.109284973e1	8.306331635e0	4.947172
29	mlp.gate_proj	9728	2560	5.172905273e2	1.249012299e2	4.141597
29	mlp.up_proj	9728	2560	5.232325439e2	1.149437027e2	4.552077
29	mlp.down_proj	2560	9728	1.726268616e2	3.148836708e1	5.482242
30	self_attn.q_proj	4096	2560	7.701889648e2	3.770814514e2	2.042500
30	self_attn.k_proj	1024	2560	1.847568665e2	1.145423737e2	1.613000
30	self_attn.o_proj	2560	4096	6.009844589e1	1.177031136e1	5.105935
30	mlp.gate_proj	9728	2560	5.297655029e2	1.280523071e2	4.137102
30	mlp.up_proj	9728	2560	5.659825439e2	1.229345245e2	4.603935
30	mlp.down_proj	2560	9728	2.472321014e2	4.424627686e1	5.587636
31	self_attn.q_proj	4096	2560	9.432420044e2	4.461964722e2	2.113961
31	self_attn.k_proj	1024	2560	2.345661926e2	1.437342834e2	1.631943
31	self_attn.o_proj	2560	4096	7.079829407e1	1.393685246e1	5.079934
31	mlp.gate_proj	9728	2560	5.301909180e2	1.195798798e2	4.433780
31	mlp.up_proj	9728	2560	5.923507690e2	1.222693939e2	4.844637
31	mlp.down_proj	2560	9728	3.412327881e2	6.056734467e1	5.633940
32	self_attn.q_proj	4096	2560	1.202021729e3	7.006063232e2	1.715688
32	self_attn.k_proj	1024	2560	2.720556946e2	1.938599243e2	1.403362
32	self_attn.o_proj	2560	4096	1.106325455e2	1.826137543e1	6.058281
32	mlp.gate_proj	9728	2560	5.646795654e2	1.228076324e2	4.598082
32	mlp.up_proj	9728	2560	6.484284668e2	1.295929260e2	5.003579
32	mlp.down_proj	2560	9728	4.769145508e2	7.498875427e1	6.359814
33	self_attn.q_proj	4096	2560	1.569495850e3	1.170305664e3	1.341099
33	self_attn.k_proj	1024	2560	2.695687866e2	2.785691833e2	0.967691
33	self_attn.o_proj	2560	4096	1.748172302e2	3.475933456e1	5.029361
33	mlp.gate_proj	9728	2560	5.906007080e2	1.364679565e2	4.327761
33	mlp.up_proj	9728	2560	7.010119629e2	1.467217407e2	4.777833
33	mlp.down_proj	2560	9728	5.773646851e2	1.079957733e2	5.346179
34	self_attn.q_proj	4096	2560	2.329379395e3	1.229187256e3	1.895057
34	self_attn.k_proj	1024	2560	5.206101074e2	3.266763611e2	1.593657
34	self_attn.o_proj	2560	4096	3.005080261e2	8.498512268e1	3.536007
34	mlp.gate_proj	9728	2560	6.772857666e2	1.958181458e2	3.458749
34	mlp.up_proj	9728	2560	7.581804199e2	2.008997803e2	3.773924
34	mlp.down_proj	2560	9728	6.809522705e2	2.537118683e2	2.683959
35	self_attn.q_proj	4096	2560	1.475547119e3	5.982057495e2	2.466621
35	self_attn.k_proj	1024	2560	3.480858765e2	1.672164459e2	2.081649
35	self_attn.o_proj	2560	4096	2.572669373e2	7.269608307e1	3.538938
35	mlp.gate_proj	9728	2560	8.562434692e2	4.650525208e2	1.841176
35	mlp.up_proj	9728	2560	8.909586182e2	4.133336182e2	2.155544
35	mlp.down_proj	2560	9728	8.585359497e2	8.699695435e2	0.986857
