layout,med_ms,min_ms,max_ms,gb_read,bpw_kernel,gbps,ratio_vs_fp16,source
nullk,4.070,4.066,4.071,0.07,0.159,18,1.69,a100-2026-10-06
FP16,6.899,6.894,6.901,7.27,16.000,1054,1.00,a100-2026-10-06
cuBLASf16,6.050,6.030,6.054,7.27,16.000,1205,1.14,a100-2026-10-06
Slot32,9.345,9.339,9.349,2.50,5.510,268,0.74,a100-2026-10-06
Planes14,8.700,8.690,8.706,2.18,4.804,251,0.79,a100-2026-10-06
Tetra48,6.224,6.222,6.228,0.98,2.150,157,1.11,a100-2026-10-06
Planes12x,9.396,9.392,9.402,1.97,4.342,210,0.73,a100-2026-10-06
Golay70v1,15.717,15.700,15.718,1.63,3.589,104,0.44,a100-2026-10-06
Golay70v2,11.111,11.111,11.121,1.63,3.589,147,0.62,a100-2026-10-06
AWQ,3.777,3.775,3.778,1.90,4.179,503,1.83,a100-2026-10-06
