layout,family,bpw_kernel,med_ms,min_ms,max_ms,gb_read,gbps,pct_byte_bound,ratio_vs_fp16,ratio_lo,ratio_hi
nullk,floor,0.159,2.294,2.291,2.300,0.07,32,5,4.80,4.79,4.81
FP16,control,16.000,11.022,11.016,11.028,7.27,660,100,1.00,1.00,1.00
cuBLASf16,control,16.000,10.839,10.837,10.849,7.27,671,102,1.02,1.02,1.02
Slot32,ours,5.510,5.737,5.732,5.748,2.50,437,66,1.92,1.92,1.92
Planes14,ours,4.804,5.004,5.001,5.019,2.18,436,66,2.20,2.19,2.21
Tetra48,ours,2.150,3.734,3.732,3.742,0.98,262,40,2.95,2.95,2.95
Planes12x,ours,4.342,5.385,5.383,5.392,1.97,366,55,2.05,2.04,2.05
Golay70v1,ours,3.589,8.124,8.121,8.133,1.63,201,30,1.36,1.36,1.36
Golay70v2,ours,3.589,6.060,6.059,6.079,1.63,269,41,1.82,1.81,1.82
AWQ,competitor,4.179,3.263,3.261,3.265,1.90,582,88,3.38,3.37,3.38
QTIP,competitor,2.000,2.246,2.245,2.248,0.91,405,61,4.95,4.94,4.95
