date,job_id,name,flavor,billed_min,cost_usd,mesures_file,what
2026-08-05,6a72e0b76b79c09949c22d74,cuda-preflight,l40sx1,,,cuda-preflight-2026-08-05.txt,premier contact carte : SM registres spill L2 - montant non journalise
2026-08-05,6a73220ca00abefd4b293866,cuda-matvec,l40sx1,,,cuda-matvec-2026-08-05.txt,portage du noyau fuse sur CUDA - montant non journalise
2026-08-05,6a7327ac6b79c09949c22ff7,cuda-matvec-modele,l40sx1,,,cuda-matvec-modele-2026-08-05.txt,le noyau sur le modele publie - montant non journalise
2026-08-05,6a7342e5a00abefd4b293c0f,mini,l40sx1,,,mini-2026-08-05.txt,protocole miniature - source de la ligne 08-05 de progression.csv - montant non journalise
2026-08-05,6a7370766b79c09949c23569,attribution du gisement,l40sx1,,0.07,attribution-cuda-2026-08-05.txt,les 2.04 ms decoupes - source de la table d attribution du papier
2026-08-05,6a737a6e6b79c09949c236b4,fusion-qkv,l40sx1,,0.11,fusion-qkv-cuda-2026-08-05.txt,fusion q+k+v et gate+up : 0.803 ms - source de la table d attribution
2026-08-05,6a73af53a00abefd4b294889,fusedrun (premiere execution),l40sx1,,0.50,fusedrun-2026-08-05.txt,premier chemin fuse en inference : 0.16 + 0.34 de deux essais morts dans la couture candle
2026-08-06,6a7440186b79c09949c23e4e,oracle (lot A),l4x1,1,0.01,a1-lot-a-2026-08-06.txt,oracle forward exact sur CUDA
2026-08-06,6a7369a06b79c09949c23471,rotation (lot A),l40sx1,,,a1-lot-a-2026-08-06.txt,rotation bit-exacte sur carte
2026-08-06,6a746d8f6b79c09949c23fb4,campagne A4 ppl (lot A),l40sx1,8,0.24,a4-campagne-2026-08-06.txt,ppl des bras f16/AWQ/LLVQ - empreinte 3f1baca9033bf251
2026-08-06,6a746f9ea00abefd4b2955ce,campagne A4 MMLU (lot A),l40sx1,16,0.47,a4-campagne-2026-08-06.txt,MMLU des 3 bras - empreinte 65dcd53655e8bfa5
2026-08-06,,lot A - les 9 autres jobs,l40sx1+l4x1,,1.47,passation-lot-a-2026-08-06.md,branchement + plomberie + A3 graph (le lot A complet = 2.19 avec les 3 jobs listes ci-dessus)
2026-08-06,6a74800a6b79c09949c2403e,c1-planesbench (nom d image invalide),l40sx1,0,0.00,,echec avant facturation
2026-08-06,6a7484636b79c09949c2406c,c1-planesbench,l40sx1,3,0.08,c1-planesbench-2026-08-06.txt,C1 : Planes14 1.14x vs Slot32 a contenu identique
2026-08-06,6a7492bcda2af92a634ed324,planes14-fusedrun-ab,l40sx1,11,0.33,planes14-fusedrun-2026-08-06.txt,branchement Planes14 : 48.7 tok/s 2.96 Go + controle slot32
2026-08-07,6a751120da2af92a634edd8c,nuit-planes12x-q8,l40sx1,30,0.90,nuit-planes12x-q8-2026-08-07.txt,overlay 4 bras (4.342 a 2.01x) + fusedrun q8 (88.5 tok/s 2.60 Go)
2026-08-07,6a7586d2da2af92a634ee78a,llvq-phases,l40sx1,11,0.33,phases-2026-08-07.txt,attribution par phases : lm_head 25.9 ms f16 vs 0.6 ms q8
2026-08-07,6a759c003e1f34a7e32bcf14,e2-golay70-bench,l40sx1,25,0.74,e2-golay70-bench-2026-08-07.txt,E2 : 3.589 b/poids a 1.31x - ecarte (critere 1.6x)
2026-08-07,6a75eb76da2af92a634eec80,campagne-finale-bras4,l40sx1,16,0.47,campagne-finale-bras4-2026-08-07.txt,bras 4 : ppl 16.9358 + MMLU 55.70 + controle fusedrun
2026-08-07,6a76002f3e1f34a7e32bd74a,oracle 8B,l4x1,1,0.01,,oracle forward exact avant la requantification
2026-08-07,6a76008a3e1f34a7e32bd74c,qwen3-8b-c12 quant,rtx-pro-6000,275,12.61,,requantification 8B leech1c12 (confondant L3 purge) - ppl 10.9672 en run
2026-08-08,6a7647d9da2af92a634eef99,campagne-8b-qualite (invocation ppl fausse),l40sx1,1,0.02,,mort a la premiere ligne - ppl attend un chemin
2026-08-08,6a7649063e1f34a7e32bdcc1,campagne-8b-qualite,l40sx1,34,1.01,campagne-8b-qualite-2026-08-08.txt,ppl+MMLU des 3 bras 8B - le MMLU 2 bits a l echelle
2026-08-08,6a7651413e1f34a7e32bdd37,campagne-8b-vitesse,l40sx1,10,0.31,campagne-8b-vitesse-2026-08-08.txt,fusedrun 8B planes14+embed f16 : 34.4 tok/s 6.62 Go
2026-08-08,6a76d9433e1f34a7e32be65d,campagne-8b-q8,l40sx1,28,0.82,campagne-8b-q8-2026-08-08.txt,tetes deliees : 69.3 tok/s 5.45 Go + ppl/MMLU du pre-cuit
2026-08-09,6a7882a83e1f34a7e32c06c2,qwen3-14b-c12 quant [14B],rtx-pro-6000x2,302,27.67,reprise-14b-2026-08-09.md,quantification 14B - 13212057600 poids bit pour bit a bf16
2026-08-10,6a7960eeda2af92a634f0d5e,seal-14b [14B],cpu-xl,24,0.40,,scellement 14B : 163 tenseurs portes 6.506 Go x4.54 - les deux criteres poses d avance tombent
2026-08-10,6a7960f9da2af92a634f0d60,qwen3-14b-awq-deq echec montage [14B],cpu-upgrade,0,0.00,,bucket monte deux fois pendant que seal le tenait - jamais demarre donc non facture
2026-08-10,6a7966ae3e1f34a7e32c1a55,qwen3-14b-awq-deq shard 4 Go tronque [14B],cpu-upgrade,11,0.01,,cinq controles verts marge L4 x658 - mort a l ecriture : le bucket a accepte une ecriture courte sans erreur
2026-08-10,6a7969d4da2af92a634f0da5,qwen3-14b-awq-deq shards 1 Go [14B],cpu-upgrade,11,0.01,,33 fichiers ecrits mais 3 renames sans effet - repares a la main par hf cp
2026-08-10,6a796e083e1f34a7e32c1b32,campagne-14b-qualite SIGBUS [14B],l40sx1,14,0.43,,mmap d un checkpoint safetensors depuis un bucket monte = bus error
2026-08-10,6a7971c33e1f34a7e32c1b6d,campagne-14b-qualite [14B],l40sx1,56,1.68,campagne-14b-qualite-2026-08-10.txt,ppl+MMLU des 3 bras 14B - LLVQ x1.1894 et -6.85 pp apparie
2026-08-10,6a7982abda2af92a634f0e5c,paliers-4b-128 [14B campagne - mesure 4B],l40sx1,42,1.26,paliers-4b-2026-08-10.txt,4 paliers verts : queue f16 + rotation hissee 252->144 + Planes12x - textes decodes identiques - le TAG nomme la campagne qui paie pas le modele mesure ; aucun chiffre du papier n en depend
2026-08-10,6a79b9913e1f34a7e32c203a,baseline-head 5 bras [kernel],l40sx1,26,0.78,baseline-head-2026-08-10.txt,reference du lot 1 : b/poids au chiffre ; plages recouvrantes ; tv_planes_seg prouve sur carte
2026-08-10,6a7a11d32ed17c71070fda7f,six-arm-awq [kernel],l40sx1,26,0.78,six-arm-awq-2026-08-10.txt,premier bras concurrent : AWQ w4g128 a 584 Go/s contre 428 pour Planes14 - 88 % de sa borne contre 65 %
2026-08-11,6a7adf552ed17c71070ff410,golay70-v2-sept-bras [kernel],l40sx1,26,0.77,golay70-v2-sept-bras-2026-08-11.txt,verdict v2 : 1.77x [1.76-1.78] - NON ADOPTE (seuil pre-enregistre 2.0x) - v2/v1 1.32x memes rounds - controle 6 bras indiscernable (delta 0.24% < R 0.56%)
2026-08-13,6a7ce5bc73ce7897b8937c2b,oracle-cuda [phase 1.2],l4x1,1,0.01,,verrou backend : max delta hidden = 0.000e0 MATCH avant la campagne appariee
2026-08-13,6a7ce71173ce7897b8937c53,mmlupair-4b [phase 1.2],l40sx1,16,0.49,mmlupair-4b-8b-2026-08-13.txt,MMLU 3 bras 4B avec dumps par question - les trois micros rejouent 70.32 / 70.04 / 55.59 au centieme
2026-08-13,6a7ceb0f8747785b3ad5151f,mmlupair-8b [phase 1.2],l40sx1,27,0.80,mmlupair-4b-8b-2026-08-13.txt,MMLU 3 bras 8B avec dumps - 76.08 / 73.01 / 65.52 - empreinte 65dcd53655e8bfa5 partout
2026-08-16,6a814ba31f5885ae605bcb55,llvq-e1v [plancher],l40sx1,28,0.85,e1v-cuda-2026-08-16.txt,E1v sur carte : 0.25x FP16 et 25 Go/s contre un plancher pre-enregistre de 1.60x - la ligne du format se referme cote transposition
2026-08-16,6a81b2b71f5885ae605bdcc9,llvq-nullk [plancher],l40sx1,26,0.77,nullk-plancher-2026-08-16.txt,le plancher : une passe de projections qui ne lit aucun poids coute 2.305 ms contre 5.102 pour Planes14 - soit 45.2 % - donc tout travail de format plafonne a 4.77x FP16
2026-08-17,6a82f40ce55292eada79b526,campagne-14b-vitesse echec garde de partagee [vitesse],l40sx1,8,0.24,rot-partagee-14b-2026-08-17.txt,fusedrun 14B mort sur un garde de memoire partagee - 69632 o demandes contre 49152 offerts par le defaut de la carte - aucun token produit ; 488 s de running
2026-08-17,6a830ce8cd3824960fcbb26a,sonde-entrypoint-vllm [vitesse],cpu-upgrade,,0.00,,sonde a cout nul : HF Jobs remplace-t-il l ENTRYPOINT de l image vLLM ? - duree non journalisee
2026-08-17,6a8311e8cd3824960fcbb2ff,sonde-image-llvq [vitesse],cpu-upgrade,,0.00,,sonde a cout nul sur notre propre image - duree non journalisee
2026-08-17,6a830d53e55292eada79b600,awq-speed-4b [vitesse],l40sx1,4,0.11,awq-vllm-4b-2026-08-17.txt,AWQ 4B dans vLLM : x2.413 [2.412-2.414] sur son propre temoin f16 ; les deux bras AWQ ont route vers Marlin donc la GEMM AutoAWQ n a pas ete isolee ; 226 s de running
2026-08-17,6a83121be55292eada79b611,campagne-14b-vitesse-2 [vitesse],l40sx1,41,1.24,fusedrun-14b-2026-08-17.txt,le 14B servi : 42.9 tok/s et 9.39 Go carte contre 17.0 et 29.54 au bras dense - 128 tokens identiques - borne d opt-in de partagee enfin mesuree (101376 o) ; le rapport a tete identique n existe pas a cette taille ; 2472 s de running
2026-08-18,6a84aaaccd3824960fcbf5e7,b3-reseal-8b (CLI -lc mange par hf),cpu-xl,0,0.00,b3-8b-reseal-2026-08-18.txt,exit 127 en 5 s - erratum d invocation documente au journal
2026-08-18,6a84ab2be55292eada79cb48,b3-reseal-8b,cpu-xl,15,0.24,b3-8b-reseal-2026-08-18.txt,le 8B re-scelle depuis les projections du bucket - C1/C2/C3 verts et 5.322 au millieme
2026-08-18,6a84b267e55292eada79cbe6,f1-cublasf16,l40sx1,3,0.08,f1-cublasf16-2026-08-18.txt,bande 1 : r=1.015-1.024 - le temoin maison est au niveau de cuBLAS et tous les x publies tiennent
2026-08-18,6a84b268e55292eada79cbe8,b2-4b-plages,l40sx1,12,0.35,b2-fusedrun-plages-2026-08-18.txt,medianes 87.0 q8 / 48.3 f16 sur 5 rounds - le tie-break au token 89 rejoue
2026-08-18,6a84b26bcd3824960fcbf755,b2-8b-plages,l40sx1,21,0.63,b2-fusedrun-plages-2026-08-18.txt,le RE-SCELLE rend 128 tokens identiques et rejoue 34.1/68.2 - filet aval de B3 passe
2026-08-18,6a84b269e55292eada79cbea,b2-14b-plages,l40sx1,43,1.27,b2-fusedrun-plages-2026-08-18.txt,x2.55 q8 + LA CELLULE TETE-IDENTIQUE x1.41 - timeout APRES les mesures (erratum au journal)
2026-08-19,6a8559fce55292eada79d7e8,f4-a100-echelle,a100-large,17,1.00,f4-a100-2026-08-18.txt,cout ESTIME (premier tarif a100-large) - V3 : l echelle ne transfere pas - aucun bras decode ne bat FP16 sur HBM - bornes calcul pas memoire
2026-08-19,6a8567b4cd3824960fcc18aa,f3-events-ncu,l40sx1,29,0.86,f3-events-2026-08-19.txt,E1 ecart hote-device 0.1-0.2 pourcent + N1 ERR_NVGPUCTRPERM (issue b preregistree) + D1 driver 580.159.03
2026-08-19,6a857b07e55292eada79d93b,f5-pilote-graine1 (OOM l4x4),l4x4,2,0.13,f5-graines-4b-2026-08-19.txt,OOM a 122 s : L4 = 22.5 Go et le 4B en f32 en demande 19.8 - le pilote a coute 0.13 au lieu de 19.50
2026-08-19,6a858231cd3824960fcc1cf8,f5-graine1,rtx-pro-6000,155,7.11,f5-graines-4b-2026-08-19.txt,pilote sur la bonne carte : chaine smoke+seal+ppl validee - ppl 16.7425
2026-08-19,6a85a76ae55292eada79dba1,f5-graine2,rtx-pro-6000,155,7.11,f5-graines-4b-2026-08-19.txt,ppl 15.8836
2026-08-19,6a85a76bcd3824960fcc22f1,f5-graine3,rtx-pro-6000,155,7.10,f5-graines-4b-2026-08-19.txt,ppl 15.1027 - etendue inter-graines 10.3 pourcent et les trois paires appariees sont resolues
2026-08-20,6a877e689cd058584adc481f,f2-p2-echec-chmod,l40sx1,1,0.01,f2-p2-qtip-exactitude-2026-08-21.txt,le bit +x ne survit pas a l upload HF - fetch-qtip.sh Permission denied en 16 s (commit 7bf574f)
2026-08-20,6a878520c81709766c802fe0,f2-p2-montage-echoue,l40sx1,0,0.00,f2-p2-qtip-exactitude-2026-08-21.txt,montage volume echoue - jamais demarre - aucun log
2026-08-20,6a878b14c81709766c803022,f2-p2-echec-ntpath,l40sx1,1,0.01,f2-p2-qtip-exactitude-2026-08-21.txt,python3-minimal n a pas ntpath - mort en 16 s (commit d958070)
2026-08-20,6a878ee6c81709766c80303e,f2-p2-echec-nvrtc,l40sx1,2,0.06,f2-p2-qtip-exactitude-2026-08-21.txt,NVRTC refuse les initialiseurs designes C99 - duree et cout ESTIMES (runtime et logs indisponibles) - commit 2da9f76
2026-08-21,6a879628c81709766c803079,f2-p2-refutation1,l40sx1,3,0.10,f2-p2-qtip-exactitude-2026-08-21.txt,verification 1.60e-1 - les tuiles ne sont PAS contigues (groupes de 128 mots entrelaces pas 4) - adressage reecrit sur rejeu (commit d1ab21d)
2026-08-21,6a87fc2fc81709766c803569,f2-p2-refutation2,l40sx1,6,0.19,f2-p2-qtip-exactitude-2026-08-21.txt,verification 1.34e-1 - operandes __byte_perm inverses et state_index faux - test de rejeu tue le mutant (commit 38bd250)
2026-08-21,6a88057dc81709766c8035e8,f2-p2-montage-echoue,l40sx1,0,0.00,f2-p2-qtip-exactitude-2026-08-21.txt,montage volume echoue - jamais demarre - aucun log
2026-08-21,6a8805f8c81709766c8035ef,f2-p2-exactitude,l40sx1,6,0.18,f2-p2-qtip-exactitude-2026-08-21.txt,P2 VERT - 5 shims compiles 48-56 registres 0 spill - 1105920 lignes pire erreur qtip 5.4e-8 contre seuil 1e-5
2026-08-21,6a881ea073304676c8ec4e07,f2-p3-banc-qtip,l40sx1,30,0.89,f2-p3-qtip-banc-2026-08-21.txt,QTIP 2.246 ms contre Planes14 5.103 - r=2.27x [2.27-2.28] la motivation heritee est CONFIRMEE - et QTIP passe SOUS le plancher nullk (4.89x contre 4.77x meme processus)
2026-08-23,6a8c14287c5c7dd379236e25,g2-a100-cli-echoue,a100-large,0,0.00,g-horloges-planes12x-2026-08-23.txt,exit 127 quoting CLI - relance API Python
2026-08-23,6a8c142773304676c8ecbfb8,g1-l40s-horloges,l40sx1,3,0.08,g-horloges-planes12x-2026-08-23.txt,SM 2520 MHz epinglee sans bridage ; banc rejoue 2.14x
2026-08-23,6a8c14287c5c7dd379236e35,g2-a100-horloges,a100-large,4,0.13,g-horloges-planes12x-2026-08-23.txt,SM 1410 MHz epinglee ; ratio L40S/A100 = 1.79 = ralentissement nullk
2026-08-23,6a8c14287c5c7dd379236e33,g3-planes12x-mount-echoue,l40sx1,0,0.00,g-horloges-planes12x-2026-08-23.txt,Volume mount failed - infra transitoire - relance
2026-08-23,6a8c235573304676c8ecc120,g3-planes12x-servi,l40sx1,27,0.79,g-horloges-planes12x-2026-08-23.txt,85.0 tok/s dans 2.36 Go x1.96 vs dense ; predictions prereg tenues
2026-08-24,6a8c6fbcdc4d6ae814e83917,d1-fusion-servie,l40sx1,9,0.24,d1-fusion-servie-2026-08-24.txt,fusion 252->144 matvec/token sur le chemin servi : x1.061 [1.050-1.069] a ROT_SHARE constant ; 128 tokens identiques F1/F0 ; divergence dense au meme token 89 ; +3686400 o exactement ; meme sha256 NVRTC sur les deux bras
2026-08-25,6a8de89b984507d9db4e4664,bruit-mmlu-graines-echec-bash,l40sx1,0,0.00,bruit-mmlu-graines-4b-2026-08-25.txt,exit 127 - commande ['bash' script] au lieu de ['bash' '-lc' script] : bash lit le script comme un nom de fichier - relance 37 min plus tard
2026-08-25,6a8df15645686a1580c087ea,bruit-mmlu-graines-4b,l40sx1,20,0.58,bruit-mmlu-graines-4b-2026-08-25.txt,s = 2.92 pp entre 3 graines de calibration au 4B ; etendue 5.83 pp ; 2 paires sur 3 separees ; > seuil prereg 2.0 donc l'echelle de volume NE PART PAS (~19 $ economises) ; prediction signee 0.5-1.5 pp refutee
2026-08-30,6a93edf1984507d9db4ecbf1,m3-gate-mmlu-vllm,l40sx1,7,0.20,m3-gate-mmlu-vllm-2026-08-30.txt,GATE ROUGE par notre agregation (macro 72.85 au lieu du micro) - le dump rapatrie rend micro 70.36 contre 70.32 candle soit 0.04 pp et 2272/2280 memes picks entre vLLM et candle ; awq_marlin jamais lance
2026-08-30,6a93fc17984507d9db4ecce9,m3-gate2-bucket-vide,l40sx1,0,0.00,m3-gate2-mmlu-vllm-2026-08-30.txt,annule avant facturation - fichiers stages dans /tmp/llvq-out/m3-gate au lieu de m3-gate2 donc bucket vide ; detecte sur New Data Upload 0.00B avant de laisser tourner
2026-08-30,6a93fc4b984507d9db4eccf2,m3-gate2-mmlu-vllm,l40sx1,13,0.39,m3-gate2-mmlu-vllm-2026-08-30.txt,GATE VERT les deux bras - f16 70.34 vs 70.32 (0.02 pp) et awq_marlin 69.82 vs 70.04 (0.22 pp) contre critere 1.5 ; picks 99.61 et 99.56 pc entre candle et vLLM ; MarlinLinearKernel confirme au log
2026-08-30,6a940b8f984507d9db4ecdd6,m3-gptq-kwarg-revision,l40sx1,2,0.05,m3-gptq-2026-08-30.txt,exit 1 en 2 min - GPTQModel.load(revision=) forwarde le kwarg jusqu a Qwen3ForCausalLM.__init__ qui le refuse ; gptqmodel 7.3.5 s installe bien donc le risque install est leve ; repare par snapshot_download en amont
2026-08-30,6a940d47984507d9db4ecde9,m3-gptq2-production,l40sx1,8,0.23,m3-gptq2-production-2026-08-30.txt,QUANTIFICATION REUSSIE (131072 tokens C4 shard 1 empreinte 40300263e5d0afa2 - 1754463312 o - 3.489 b/param avec le bon denominateur contre 3.182 imprime) mais vLLM 0.26.0 REFUSE bits=2 sym=True donc aucune qualite ; artefact dans le bucket non repayable
2026-08-30,6a94160b984507d9db4ece7b,m3-gptq2-mmlu-hf,l40sx1,6,0.20,m3-gptq2-mmlu-2026-08-30.txt,f16 dans transformers 70.84 (gate vert 3e moteur) ; GPTQ 2 bits rend 24.74 pc = le hasard MAIS pick A a 68.9 pc et ecart des logits divise par 3.4 : degenerescence non distinguable entre effondrement reel et chargement casse - chiffre NON PUBLIABLE sans un test de generation
2026-08-30,6a941977984507d9db4eceb8,m3-gptq2-generation,l40sx1,2,0.05,m3-gptq2-mmlu-2026-08-30.txt,generation libre = charabia integral ; le 24.74 pc de MMLU ne mesure aucune capacite ; critere pre-pose corrige : le charabia ne distingue PAS effondre de mal charge
2026-08-30,6a941a77984507d9db4ecedc,m3-gptq2-deux-chemins,l40sx1,2,0.05,m3-gptq2-mmlu-2026-08-30.txt,wrapper et .model rendent le charabia IDENTIQUE au caractere : suspect du deballage REFUTE mais les deux ne sont pas independants (le wrapper delegue) ; colonne qualite du bras GPTQ reste vide
2026-08-30,6a94a0d7984507d9db4ed7bb,m4-iq2-cuda-reco,l40sx1,1,0.02,m4-iq2-cuda-2026-08-30.txt,reconnaissance image llama.cpp full-cuda : /app/llama-bench localise et sha256 du GGUF identique apres transfert (19a8ed49...) ; a revele que convert_hf_to_gguf.py exige torch absent de l image
2026-08-30,6a94a1d445686a1580c19524,m4-iq2-cuda-debit,l40sx1,1,0.04,m4-iq2-cuda-2026-08-30.txt,IQ2_XXS 312.85 vs f16 84.83 = x3.688 sur L40S contre x2.647 sur Metal a FICHIER IDENTIQUE (2 sha256 verifies) : le rapport nest pas stable entre backends +39 pc ; et llama.cpp f16 84.83 vs vLLM f16 83.09 a 2.1 pc corroborent du dehors notre handicap dense de 1.95x
2026-08-31,6a951e9f45686a1580c1a70c,m4-iq2-cuda-mmlu,l40sx1,2,0.06,m4-iq2-cuda-2026-08-30.txt,MMLU IQ2_XXS sur CUDA 38.87 contre 39.39 sur Metal (memes fichiers sha256 verifies) : agregat invariant a 0.52 pp MAIS meme pick 95.79 pc seulement contre 99.6 pc pour le f16 entre moteurs - les noyaux de dequantisation 2 bits divergent et les 96 desaccords s annulent presque
2026-08-31,6a952a1445686a1580c1a8b9,vague2-fusion-8b,l40sx1,15,0.45,vague2-fusion-8b-14b-2026-08-31.txt,fusion x1.055 [1.054-1.058] au 8B dans la bande [1.00;1.12] - 128 tokens identiques F1/F0/dense - +4423680 octets exact - 75.5 tok/s servi fuse dans 5.41 Go
2026-08-31,6a952c7845686a1580c1a903,vague2-fusion-14b,l40sx1,29,0.86,vague2-fusion-8b-14b-2026-08-31.txt,fusion x1.028 [1.027-1.029] au 14B (280->160 matvec/t) - bande tenue aux TROIS tailles donc GEL config servie v1 = planes14+q8+ROT_SHARE=1+FUSE=1 - 46.8 tok/s dans 9.40 Go - gain decroissant avec la taille x1.061/x1.055/x1.028
2026-08-31,6a954da821c5aa7c83649476,a1-nullk-binaire-absent,l40sx1,1,0.01,vague2-fusion-8b-14b-2026-08-31.txt,mort en 15 s sur le probe which : nullkbench compile mais absent des DEUX listes explicites du Dockerfile (cargo build --bin et COPY) - corrige et image republiee
2026-08-31,6a95e0780718b0f6d890a159,a1-nullk-mort-cli,l40sx1,1,0.01,vague2-fusion-8b-14b-2026-08-31.txt,mort en 15 s exit 127 : relance par CLI - click a parse -lc comme --label c et bash a recu le script en NOM DE FICHIER ; E4 du fichier d ecarts vague 2 ; relance corrigee par l API avec assert d identite du tableau de commande (6a95e11b)
2026-08-31,6a95e11b21c5aa7c8364a122,a1-nullk-252-144,l40sx1,1,0.01,a1-nullk-252-144-2026-08-31.txt,A1 VERT en 15 s GPU : r = t(144)/t(252) = 0.8158 [0.8150-0.8162] - BANDE MIXTE du prereg e23e9895 (prior 0.83 confirme) - 252 lancements 2.200 ms [2.198-2.201] vs 144 lancements 1.794 ms [1.793-1.796] - delta 0.406 ms pour 108 lancements = 3.76 us/lancement (calcule) coherent avec les 3.63 us du lot A 08-06 - ni A2 ni A3 elimine les parts se publient
2026-08-31,6a95e6c421c5aa7c8364a1e4,a4-a100-banc,a100-large,6,0.25,a4-a100-2026-08-31.txt,A4 banc VERT : table F4 reproduite au centieme (Planes14 0.79x Slot32 0.73x cuBLAS 1.14x nullk 1.69x) - section seg : gain fusion Slot32 1.331 ms (14.2 pc) Planes14 1.004 ms (11.6 pc) bit-identique 921600 lignes - nullkbench en prime : r = 0.8198 [0.8196-0.8202] sur A100 vs 0.8158 L40S = invariant a 0.5 pc quand les temps s etirent de x1.809 (horloges 1.787)
2026-08-31,6a95e6c421c5aa7c8364a1e6,a4-a100-fuse-ab,a100-large,14,0.58,a4-a100-2026-08-31.txt,A4 fusedrun VERT sur image sm80 nee le soir (publish --compute-cap 80) : dense 51.4 / F0 59.7 / F1 63.4 tok/s [63.4-63.5] dans 2.57 Go - fusion x1.063 [1.062-1.067] vs x1.061 L40S : TRANSFERE - 128 tokens identiques F1/F0/dense - +3686400 octets exact - aucun bras reseau >= 1.00x FP16 sur A100 : la reserve Ada devient mecanisme etendu a la geometrie fusee
2026-09-01,6a968b1421c5aa7c8364afc2,a2-e1-prealloc-ab,l40sx1,3,0.09,a2-e1-prealloc-ab-2026-09-01.txt,BRANCHE STOP du prereg ad77df46 : r = prealloc/cat = 0.8919 [0.8884-0.8953] < 0.97 - la prealloc REGRESSE de ~11 pc a fenetre 256 - prior r=1.00 REFUTE - 5 paires de rounds entrelacees un seul processus 128 tokens identiques partout - controle sain : bras cat 100.0 [99.9-100.2] reproduit le 100.6 de v1 - arret et retour operateur avant toute etape 2
2026-09-01,6a9698c30718b0f6d890c091,a2-e1b-etendu-ab,l40sx1,3,0.09,a2-e1b-etendu-ab-2026-09-01.txt,BRANCHE VERTE du prereg dfa73fd2 : r = 0.9917 [0.9883-0.9935] >= 0.97 - le store ETENDU a fenetre fixe porte l etape 2 (capture) - cat 100.0 [99.8-100.1] vs prealloc 99.2 [98.8-99.3] - la regression de 11 pc de l etape 1 est morte (vues narrow striees) - cout net de la base fixe -0.83 pc RESOLU (plage exclut 1.00) : l attention a largeur 256 constante coute ce que la copie x4 supprimee rembourse presque - ce -0.8 entre dans l arithmetique du kill
2026-09-01,6a96bd7a0718b0f6d890c809,a2-e2-graph-gate-rouge,l40sx1,3,0.09,a2-e2-graph-2026-09-01.txt,GATE 1 VERT : la capture EXISTE (stream frais + events off - le pas entier s enregistre noyaux candle + cuBLAS + les notres sans invalidation) - GATE 2 ROUGE : divergence eager/graph au token 2 (replay 1 juste replay 2 faux) - AUCUN chrono rendu comme le prereg af6c12d2 l exige - signature d un canal fige par valeur MAIS replay 1 juste ne discrimine rien (tous les canaux coincident au pas 1) - diagnostic instrumente au job suivant
2026-09-01,6a96d1270718b0f6d890cc15,a2-e2-graph-diag,l40sx1,3,0.09,a2-e2-graph-diag-2026-09-01.txt,DIAGNOSTIC OR : le PREMIER lancement du graph rend max|dLogits|=1.12e1 puis les DOUZE suivants sont EXACTS au bit pres (0.000e0) - relectures device justes partout - le graph est un rejoueur parfait sauf au lancement inaugural (noeuds alloc AUTO_FREE) - correctif : lancement jetable + hybride en secours
2026-09-01,6a96d5e10718b0f6d890cd1b,a2-e3-graph-ab,l40sx1,3,0.09,a2-e3-graph-ab-2026-09-01.txt,BRANCHE ADOPTE des seuils geles (prereg af6c12d2 / phase 802006c5) : r = graph/eager = 1.1345 [1.1336-1.1358] = +13.45 pc bout-en-bout - plage entiere au-dessus du seuil d adoption de 8 pc - net vs config v1 = +12.6 pc (gain - 0.83 de base fixe) - forme HYBRIDE (1er token decode eager puis replay - le replay pur diverge au 1er pas post-prefill meme apres jetable cf E2) - gate 128 tokens identiques 5 rounds - eager 99.2 [99.1-99.2] graph 112.5 [112.4-112.6] tok/s - prior defavorable (~7 pc plafond) REFUTE dans le bon sens
2026-09-01,6a971d5a21c5aa7c8364c27c,a2-transfert-8b-graph,l40sx1,5,0.15,a2-transfert-8b-graph-ab-2026-09-01.txt,ADOPTE au 8B : r = 1.1009 [1.1008-1.1014] = +10.1 pc plage entiere au-dessus du seuil de 8 - prior (~+9) confirme - ET le replay PUR passe son gate au 8B (128 tokens identiques sans hybride) - eager 76.2 [76.2-76.3] graph 83.9 [83.9-83.9] tok/s
2026-09-01,6a971d5b0718b0f6d890dbc5,a2-transfert-14b-graph,l40sx1,9,0.27,a2-transfert-14b-graph-ab-2026-09-01.txt,POINT DE COURBE au 14B : r = 1.0609 [1.0602-1.0611] = +6.1 pc entre 3 et 8 - le prior (~+6 sous le seuil) CONFIRME au chiffre - replay pur rouge au token 7 hybride vert 128 tokens - eager 46.9 [46.7-47.0] graph 49.8 [49.6-49.9] - PAS de gel v2 : la regle tamponnee exige les trois tailles en branche adopte
2026-09-01,6a97394c0718b0f6d890e0d0,a3-banc-occupation-1,l40sx1,4,0.12,a3-occupation-banc-2026-09-01.txt,ROUGE INSTRUIT apres 236 s : NVRTC accepte l unite (sha256 ef950895) et les 7 noyaux A3 chargent SANS spill (mr4 64 reg mr2/mr2p/persall 48 pad/pers/sk 40) - pad mr2 mr4 mr2p pers IDENTIQUES AU BIT a tv_planes_seg sur les 1105920 lignes - sk1 FAUX sur layers.0 down_proj (pire erreur 2.25e-2) apres o_proj juste : course du fixup split-K - chaque warp fence son partiel mais le thread 0 tire le ticket sans __syncthreads (le sample CUDA a UN ecrivain par bloc ce noyau en a huit) - aucun chrono rendu - correctif : barriere entre fences et ticket et un bras faux est INVALIDE sans tuer le job
2026-09-02,6a97b8430718b0f6d890fbb2,a3-banc-occupation-2,l40sx1,4,0.12,a3-occupation-banc-2026-09-01.txt,A3 RENDU - les 8 bras JUSTES (5 bit-exacts sur 1105920 lignes sk1 bit-exact sur 921600 + f64 1.4e-8 sur les 184320 scindees sk2 f64 2.0e-8 persall bit-exact) - gate Δ/t_ref avec t_ref = planes14 fuse re-mesure 4.565 ms : pad -0.14 pc [-0.52;-0.08] mr2 -10.45 mr4 -24.62 mr2p -9.85 pers +1.56 [+1.01;+1.86] sk1 -1.87 sk2 -9.87 → AUCUN bras portable ne passe (point de courbe pas de port) - persall +26.36 pc [+25.31;+26.61] PASSE mais bras de banc : borne de la geometrie (1.2 ms sur 4.565) - sous-remplissage o/down REFUTE comme mecanisme (sk1 remplit la grille et ne gagne rien) - table 3 bras reproduit F2 (Planes14 2.16x)
2026-09-02,6a97ea8e0718b0f6d8910460,m2-attribution-4b,l40sx1,72,2.17,m2-attribution-4b-2026-09-02.txt,"attribution MMLU par type de projection : 11 bras apparies, les 7 ecarts resolus, gate 5.18 / up 4.94 / v 4.48 pp ; controle bas 55.59 et controle haut 70.32 a 2280/2280 picks ; le prior k_proj/attention est refute, le MLP porte la chute ; aucune cible ne se sert en f16 sous AWQ donc Q5 pointe un chantier de format"
2026-09-02,6a98669821c5aa7c8364e7b4,m2b-v4bits,l40sx1,10,0.29,m2b-v4bits-2026-09-02.txt,"v_proj en int4 g128 dequantifie : MMLU 59.19 soit +3.60 pp apparie [+1.47 ; +5.79] contre +4.48 a f16, survie 80.4 pc ; cout memoire NEGATIF (5.149 contre 5.162 b/param) ; la regle du prereg a un trou et ce cas n y tombe dans aucune ligne - choix d operateur"
2026-09-04,6a9a8c90e686246ca69a0d24,m2rep-graine3-4b (lance sans le secret HF_TOKEN),l40sx1,0,0.00,,annule en SCHEDULING avant facturation - relance identique avec le secret sous 6a9a8cc1e686246ca69a0d2d
2026-09-04,6a9a8cc1e686246ca69a0d2d,m2rep-graine3-4b,l40sx1,71,2.14,m2rep-graine3-4b-2026-09-04.txt,"replique de M2 sur l artefact graine 3 de F5 : les deux controles passent (bras livre 55.17 et dump IDENTIQUE octet pour octet a mmlu-s3.csv ; tout restaure 70.32 comme dans M2) ; down 5.55 / up 4.31 / v 2.87 / gate 2.71 pp, q et k NON resolus ; v_proj retenu par la clause 2 (IC [1.11;4.68] recouvre [2.39;6.61]) mais AUCUN ecart entre tirages n est resolu et le classement de tete s inverse (gate 1e->4e, down 4e->1e) ; consequence : plafond f16 de v tombe a 2.87 donc l int4 extrapole a 2.31 pp, SOUS la porte Q5 de 3.0"
2026-09-04,6a9abb71259f8e97255de73a,m2b-graine3-4b,l40sx1,15,0.45,m2b-graine3-4b-2026-09-04.txt,"M2b rejoue sur l artefact graine 3 : v_proj int4 g128 rend 57.87 contre 55.17 soit G4 = +2.71 pp [+0.59 ; +4.93] McNemar 0.0106 - IC entierement au-dessus de zero donc ligne 1 du prereg : gain CONFIRME sur un second tirage, le chiffre servi devient une plage +2.71 a +3.60 - prediction signee juste sur le nombre ET la conclusion - mais le taux de survie f16 vers int4 vaut 94.4 pc ici contre 80.4 sur le fichier publie, donc il n est PAS une constante et le +2.31 extrapole etait un artefact - depassement declare : vague 1 finit a 5.05 sur un plafond de 5.00"
2026-09-04,6a9b40ef259f8e97255e06ff,f1-plancher-table (no embedded copy of f1floor.cu),l40sx1,0,0.01,,"mort en 16 s : la table des noyaux embarques etait gatee sur Linux et f1floor.cu n y avait pas de bras ; invisible au type-checker, a cuhcheck et a tout Mac ; corrige des deux cotes (table degatee, cuhcheck asserte chaque unite livree) et preflight.cu trouve non verifie au passage"
2026-09-04,6a9b4793e686246ca69a2ace,f1-plancher-table (point DRAM 1 Gio = 10.7x la L2),l40sx1,0,0.00,,"la garde du banc a refuse de demarrer en 6 s : la L40S porte 96 Mio de L2 et non 48 Mo, donc le point DRAM de 1 Gio n etait que 10.7x la cache contre les 20x du prereg ; deplace a 4 Gio (42.7x), alloue a zero sur la carte"
2026-09-05,6a9b4b98e686246ca69a2b20,f1-plancher-table,l40sx1,0,0.01,f1-plancher-table-2026-09-05.txt,"plancher de la table du decodeur F1, 18 s de calcul : D(8 Kio) 0.344 / D(16 Kio) 0.663 / plateau L2 4.52 ms de 128 Kio a 16 Mio (un debit, 3.2 To/s de secteurs) / DRAM 61.4 ms ; prediction signee juste sur D(4 Mio) et D(16 Kio), fausse sur Dsm(48 Kio) 5.10 contre 0.5-2 ; audit du jour : 6 blocs/SM et L1 28 Ko, bras partages confondus occupation et rechargement, distribution reelle calculee a 0 $ (16 Kio chauds = 17-21 pc) donc la table 67/9 est a 2.4-2.5x le budget F1d ; une table universelle de 16 Kio perd 0.6 pp et passe sous le budget ; aucun kill : ce banc ne decide rien (prereg §1), un kill est a l operateur sur un critere fondamental"
2026-09-05,6a9c101f259f8e97255e2d92,f1-rang-plancher,l40sx1,0,0.01,f1-rang-plancher-2026-09-05.txt,"plancher COMPILE du decodeur F1 a table universelle, 17 s de carte : decodeur verifie sur la carte contre la reference Rust (64 512 blocs, chaque coordonnee), 48 registres, 0 local ; S 0.645 / Du 2.701 / T 3.346 ms contre B 2.797 (1.20x) ; prediction signee fausse sur S (dessous), Du et T (dessus), juste sur registres ; ligne 2 du prereg : F1d s ecrit, projection ~95 tok/s au 4B (-5 pc) pour 1.36 Go, arbitrage a l operateur ; le surcout est l arithmetique (~2 ms : I2F, chaine de petites lectures), pas la table"
2026-09-05,6a9c47d5e686246ca69a409d,f1-rang-variantes,l40sx1,0,0.00,f1-rang-variantes-2026-09-05.txt,"trois arithmetiques du meme decodeur F1 (meme mot, meme table 16 Kio), six bras en un processus, 4 s de carte apres 50 min d attente : toutes egales a tv_f1r sur 30 720 lignes (V1 a delta 0, V2/V3 a 3e-7), 40 registres, 0 local ; T_v3 1.694 / T_v1 1.719 / T_v2 3.444 ms contre T 3.334 et B 2.797 : SANS conversion entier->flottant le decodeur F1 passe 1.1 ms SOUS Planes14 (0.61x B) ; la chaine de petites lectures ne coutait rien (V2 +0.11) ; prediction signee fausse dans le sens instructif (Du_v3 1.05 < 1.3) ; ligne du prereg : F1d prend v3 (v1 equivalent a 0.025 ms) ; projection ~113 tok/s au 4B (+12 pc) pour 1.36 Go, estime"
2026-09-06,6a9d3b3d259f8e97255e6403,tetra-4b-bench (hf CLI absent de l image),l40sx1,0,0.01,,"mort en 16 s sur hf: command not found — l image de mesure porte les binaires Rust et pas le CLI hf ; corrige en faisant passer les deux fichiers scelles par le bucket au lieu d un telechargement dans le job"
2026-09-06,6a9d3bfce686246ca69a5439,tetra-4b-bench,l40sx1,26,0.78,tetra-4b-2026-09-06.txt,"le banc de qualite a quatre bras, une carte, un harnais, memes empreintes : f16 12.2369 / AWQ 13.5207 / Planes14 16.9422 / Tetra 16.1569 en perplexite, et 70.32 / 70.04 / 55.59 / 53.49 en MMLU micro ; les deux bras de reference rejouent leurs valeurs publiees au centieme donc le harnais n a pas bouge ; Tetra rend 2.764 b/param contre 5.162 (÷1.87) pour un disque identique, une perplexite MEILLEURE de 4.64 pc et 2.10 pp de MMLU en moins ; en exces de log-vraisemblance 0.2779 nats contre 0.3254 pour le format servi et 0.3171 pour QTIP, soit 12.4 pc mieux que QTIP la ou le depot etait 2.6 pc moins bon ; prediction signee fausse sur le signe de la perplexite, juste sur le MMLU ; le controle 0 a echoue (l encodeur ne reproduit plus le fichier publie depuis le 2026-08-26) et l ecart contient le format ET cette derive"
2026-09-06,6a9d975de686246ca69a5f82,tetra-8b-bench,l40sx1,30,0.90,tetra-8b-2026-09-06.txt,"Tetra au 8B, trois bras en un processus, memes empreintes : f16 8.9899 / Planes14 10.9682 / Tetra 11.0478 en perplexite, 65.52 / 61.61 en MMLU micro ; le bras publie rejoue ses valeurs donc le harnais n a pas bouge ; la memoire tient (5.3220 -> 3.0672 b/param, ÷1.735, contre ÷1.867 au 4B parce que l embedding delie pese 15.2 pc au lieu de 9.7) mais la qualite s inverse : la perplexite passe de MEILLEURE de 4.64 pc au 4B a PIRE de 0.73 pc au 8B, l exces de log-vraisemblance de 0.854 a 1.036 du format servi, et le MMLU de -2.10 a -3.91 pp, cette fois resolu a ~3.5 SE ; la ppl mesuree pendant l encodage sur Metal en f32 (x1.2287 contre x1.2201) predit la ppl carte en f16 (x1.2289 contre x1.2201) a la quatrieme decimale ; DEFAUT DE PROTOCOLE : aucun prereg, donc faits bruts et aucune porte ; controle 0 non fait, l ecart contient le format ET la derive d encodeur ET le fait que le 8B publie a ete quantifie sur carte quand Tetra l a ete sur Metal"
2026-09-06,6a9dc052e686246ca69a6695,q5-tetra-chantier1,l40sx1,20,0.60,q5-tetra-2026-09-06.txt,"chantier 1, Q5 rejoue sur Tetra : quatre bras dans un processus, meme fichier, meme empreinte, avec les dumps par question ; T0 53.49 (rejoue le banc au centieme), v_proj f16 58.10 (+4.62 [+2.33 ; +6.93]), v_proj int4 g128 56.95 (+3.47 [+1.42 ; +5.57]), attention entiere int4 58.48 (+4.99 [+2.18 ; +7.90]) ; les trois ecarts resolus, McNemar 5.0e-6 / 8.6e-5 / 3.9e-8 ; l attribution TRANSPOSE de Planes14 a Tetra, survie 0.751 stratifiee et 0.918 non ponderee contre 0.804 et 0.944 sous Planes14 ; rendement 70.4 pp par b/param pour v_proj seul contre 3.4 pour l increment vers l attention entiere ; contre le format servi, Tetra+v int4 fait 56.95 pour 2.8138 b/param contre 55.59 pour 5.1619, soit qualite au moins egale pour 55 pc de la memoire ; premiere ligne du prereg 5, option B arbitree par l operateur, integration du code sans reencodage"
2026-09-07,6a9e08bc259f8e97255e8fc2,leech0c13-eval,l40sx1,11,0.33,leech0c13-2026-09-07.txt,"chantier 3, le codebook du papier encode chez nous : leech0c13 rend ppl 19.6093 et MMLU 54.67 contre Tetra 16.1569 et 53.49, a DEBIT IDENTIQUE (2.0702 des deux cotes, 48 bits par bloc, 383 classes) ; apparie contre Tetra +1.19 pp IC95 [-1.54 ; +3.98] McNemar p=0.79, contre Planes14 publie -0.92 pp IC95 [-3.55 ; +1.78] : les deux contiennent zero, donc les trois bras maison sont indiscernables en MMLU pendant que leurs perplexites couvrent 21.5 pc d etendue ; troisieme ligne du prereg 5, LE CODEBOOK EST INNOCENTE, l ecart de 5.1 pp au papier est notre pipeline (volume x95, corpus, rotation) ; prediction signee JUSTE (53 a 57, centre 55, mesure 54.67) ; la ppl d encodage f32 sur Metal (19.6243) predit la ppl carte f16 (19.6093) a 0.08 pc, troisieme confirmation ; encodage 3 h 55 sur le Mac a 0 \$"
2026-09-07,6a9e49b1259f8e97255e9a24,volume-v96 (OOM),rtx-pro-6000x2,3,0.26,volume-2026-09-07.txt,"le volume de calibration du papier ne tient sur AUCUNE carte louable : quantize_model garde toutes les fenetres residentes sur l accelerateur et les fait avancer bloc par bloc, donc 21.0 Mo par fenetre et 128.8 Go de hidden a x96 contre 96 disponibles ; mort apres le tokenisage, avant le premier bloc ; le corpus n etait PAS la contrainte, le job imprime 7960 fenetres disponibles pour 6144 demandees ; notre volume de 131 072 tokens n a jamais ete un choix mesure, c est un point jamais pousse"
2026-09-07,6a9e49b1259f8e97255e9a26,volume-v1c,rtx-pro-6000x2,62,5.68,volume-2026-09-07.txt,"temoin de device a volume constant : meme modele, meme corpus, memes 131 072 tokens que le Tetra du 09-06, seule la machine change ; ppl 17.6681 contre 16.1569 sur Metal soit +9.35 pc, MMLU 52.31 contre 53.49 soit -1.18 pp ; c est le confondant ouvert depuis le journal du 8B, calib.rs accumule AtA en f32 sur l accelerateur ; consequence retroactive : au 8B Planes14 etait encode sur carte et Tetra sur Metal, donc a device egal le deficit de Tetra au 8B est PLUS grand que publie"
2026-09-07,6a9e4e31e686246ca69a759e,volume-v32,rtx-pro-6000x2,148,13.60,volume-2026-09-07.txt,"le volume de calibration x32, 4 194 304 tokens contre 131 072 : ppl 15.8620 et MMLU 55.29 contre 17.6681 et 52.31 pour le temoin a volume constant sur la meme carte, soit +2.98 pp IC95 [+0.15 ; +5.81] McNemar p=0.0284 RESOLU et -10.2 pc de perplexite, pour ZERO bit ; deuxieme ligne du prereg a 0.02 pp pres (seuil +3.0), mais sa description parlait de bruit et l IC exclut zero, donc le banc a distingue ; le seuil avait ete ecrit pour x96 et le bras a tourne a x32 ; mort en Job timeout apres 148 min contre un plafond de 120 pose sur une estimation fausse d un facteur 1.7, tout le travail etait fait et rien n est perdu"
2026-09-07,6a9e82f6e686246ca69a7a41,q5-sur-v32,l40sx1,11,0.32,q5-sur-v32-2026-09-07.txt,"la combinaison volume x precision, deux bras sur le MEME fichier V32 : nu 55.22 (rejoue le 55.29 de l autre carte a 0.07 pp) et v_proj int4 57.17, soit G = +1.95 pp IC95 [-0.01 ; +3.93] McNemar p=0.0006 ; deuxieme ligne du prereg, sous-additivite franche ; LE CHIFFRE UTILE : Q5 rend +3.47 pp sur base Tetra et +1.95 sur base V32, donc la sous-additivite entre calibration et precision vaut 0.562, plus sous-additif que tout ce qui etait connu (0.618 a 0.907 pour des empilements de precision entre eux), et la cause est mecanique — une meilleure hessienne quantifie deja mieux v_proj ; prediction signee JUSTE a 0.05 pp du centre ; V32+Q5 rend 57.17 pour 2.8138 b/param contre 55.59 pour 5.1619 au format servi"
2026-09-07,6a9ea58ae686246ca69a7f67,m1-rho,l40sx1,13,0.38,m1-rho-2026-09-07.txt,"M1, le correctif radial applique aux echelles de ligne sans reencodage : bras A (toutes les echelles x rho_global 0.929234) rend MMLU 55.14 contre 53.49, soit +1.65 pp IC95 [-0.18 ; +3.54], et degrade la perplexite de 9.54 pc ; bras B (chaque echelle x son rho_i) DETRUIT le modele a 28.11 de MMLU (le hasard est a 25.0) et 67.5 de ppl, tout en etant MEILLEUR sur l objectif ||dW||^2 ; la cause est une faute de formule de l auteur du prereg, la ligne decodee est AFFINE en rho et non lineaire car la queue KeepExact n est pas mise a l echelle ; rho reel 0.929234 contre 0.960745 sur blocs simules, donc le biais est de 7.1 pc et non 3.9 ; prediction signee FAUSSE sur les deux bornes"
2026-09-07,6a9ebebee686246ca69a830a,m1b-rho-exact,l40sx1,6,0.19,m1-rho-2026-09-07.txt,"M1b, le bras par ligne avec la formule exacte rho_tilde = <w-T,B>/<B,B> : MMLU 55.09 contre 55.14 pour le constant global, soit -0.04 pp IC95 [-1.17 ; +1.05] et McNemar p = 0.922 avec seulement 4.6 pc de questions discordantes ; 1 105 920 optima par ligne et UN SEUL NOMBRE rendent le meme modele, donc l axe ligne du chantier 14 est clos sur un constant ; la formule exacte fait tomber sd(rho) de 0.035584 a 0.015761 et le minimum de 0.261051 a 0.706148, et toute l anomalie gate_proj de M1 (sd 0.059 contre 0.010 ailleurs) etait la queue ; prediction signee JUSTE"
2026-09-08,6a9f0ee6e686246ca69a8e9a,dclm-x32,rtx-pro-6000x2,147,13.50,dclm-2026-09-07.txt,"le corpus de calibration du papier, DCLM-edu, encode chez nous au volume x32 contre V32 (C4, meme volume, meme carte, meme code, une seule variable) : ppl 16.1984 contre 15.8620 soit +2.12 pc, MMLU 54.74 contre 55.29 soit -0.55 pp IC95 [-3.21 ; +2.13] et McNemar p=0.347, le controle non pondere etant de SIGNE OPPOSE (+1.05) ; les deux IC contiennent zero, LE CORPUS N EXPLIQUE RIEN ; la moitie du mecanisme s est pourtant produite, la perplexite se degrade de 2.12 pc dans la fourchette predite, donc le deplacement de domaine est reel mais il n achete pas de MMLU ; cinquieme dissociation du dossier et la premiere qui joue CONTRE l hypothese qui l invoquait ; les trois causes externes de l ecart au papier sont epuisees (codebook suspendu, volume 58 pc au mieux, corpus rien) et il reste la mecanique du pipeline ; prediction signee a moitie juste, fausse sur le MMLU et juste sur la perplexite"
2026-09-08,6aa0117132d5d0c22c5ad753,tetra48-tuerie (exit 127),l40sx1,0,0.01,tetra48-tuerie-2026-09-08.txt,"mort en ~20 s : hf jobs run a avale le -lc de son parseur d options et bash a lu la chaine entiere comme un nom de fichier (inspect_job rend command=['bash','mkdir -p ...']) ; corrige en passant par run_job() avec la commande en liste, la route que ops/run.py prend depuis toujours"
2026-09-08,6aa01601900620b5c77e257c,tetra48-tuerie (NVRTC),l40sx1,0,0.01,tetra48-tuerie-2026-09-08.txt,"mort en ~20 s sur NVRTC_ERROR_COMPILATION, cannot open source file llvq_f1rank_v3.cuh : llvq_tetra48.cuh portait un #include INCONDITIONNEL la ou tout l arbre ecrit #ifndef ; clang++ a un systeme de fichiers et le resolvait en silence, NVRTC n en a pas ; classe fermee, cuhcheck refuse desormais tout include non garde sur les 33 sources"
2026-09-08,6aa0397b32d5d0c22c5addbf,tetra48-tuerie (garde arch),rtx-pro-6000,0,0.02,tetra48-tuerie-2026-09-08.txt,"mort en ~20 s sur tv_nullk: compiled for sm_120, not sm_89 : gpu.rs testait une EGALITE la ou le PTX est compatible vers l avant ; compute_120 impossible, l image est CUDA 12.4 et sm_120 arrive en 12.8 ; corrige en ordre binary >= compiled_for, predicat sorti du cfg(linux) et 3 mutants tues"
2026-09-08,6aa01d85900620b5c77e27bd,tetra48-tuerie (L40S en file),l40sx1,0,0.00,tetra48-tuerie-2026-09-08.txt,"ANNULE EN FILE apres 99 min sans jamais demarrer, au-dela du maximum historique de 50 min ; started=None donc jamais facture ; remplace sur go operateur par un job parallele rtx-pro-6000 qui a rendu en 46 s"
2026-09-08,6aa063a6900620b5c77e389c,tetra48-tuerie,rtx-pro-6000,0,0.02,tetra48-tuerie-2026-09-08.txt,"LA TUERIE EST ROUGE : R = (v3g-nullk)/(planes14-nullk) = 1.4693 IC [1.4585 ; 1.4812] contre une porte rouge a 1.4585 >= 0.90, prediction signee 0.63 FAUSSE ; Planes14 lit 2.322x plus d octets et va 1.47x plus vite, 507 Go/s contre 183 ; le cout de SERVIR etait juste (v3g-f1r_v3 = 0.184 ms contre +0.18 predits) donc l erreur est le decodage face a un Planes14 MESURE au lieu de TRANSPORTE ; tous les controles verts, 40 registres 0 local, controle 8 a 5.31e-8 : le noyau est JUSTE et LENT ; mesure sur sm_120, la L40S de reference est en vol"
2026-09-09,6aa15b57900620b5c77e6e55,f1-plancher-blackwell,rtx-pro-6000,1,0.01,tile-sweep-2026-09-09.txt,"le plancher de la table rejoue sur Blackwell : D(8 Kio) 0.344 -> 0.280 et D(16 Kio) 0.663 -> 0.404, rapport 16/8 TOMBE de 1.93 a 1.44 et le point 64 Mio de 10.59 a 3.59 ; la table est PLUS RAPIDE a toutes les empreintes donc H1 (capacite L1) et H2 (cadence) sont REFUTEES ; prediction signee 3.7 dans [2.8 ; 5.2] FAUSSE et inversee ; le banc mesure les lectures SEULES et son avertissement le dit, la question posee n etait pas la bonne"
2026-09-09,6aa16436900620b5c77e7103,tile-sweep-rtx,rtx-pro-6000,1,0.03,tile-sweep-2026-09-09.txt,"LA TUILE VOLAIT SA L1 A LA TABLE : TILE_BLOCKS 128/64/32 sur Blackwell, R = 1.4643 / 1.4472 / 0.8491 ; Tetra passe de 2.490 a 1.449 ms de tete soit -41.8 pc pendant que Planes14 ne bouge pas (+0.4) ; partagee et L1 sont le meme SRAM, la tuile en reserve 73728 o sur 102400 et il ne reste que 28.7 Ko pour une table qui en veut 18 ; a 32 il reste 84 Ko ; l occupation ne bouge pas (6 CTA/SM aux trois tuiles, les registres plafonnent) ; ZERO bit, ZERO qualite, sortie bit-identique ; l option M3 etait chiffree -0.10 a -0.30 ms et pour la mauvaise raison, mesuree -1.041"
2026-09-09,6aa16562900620b5c77e7141,tile-sweep-l40s,l40sx1,1,0.02,tile-sweep-2026-09-09.txt,"LA TUILE GAGNE SUR LES DEUX CARTES MAIS PAS AU MEME POINT : L40S R = 0.5784 / 0.4668 / 0.4704 aux tuiles 128/64/32, optimum a 64 (-19.3 pc) et Tetra devient x2.14 plus rapide que Planes14 ; Blackwell optimum a 32 (-42.0 pc) ; Planes14 ne bouge que de -2.8 pc au mieux, le gain est entierement pour Tetra ; les deux cartes ont la MEME partagee par SM (102400 o) donc ce n est pas la capacite mais le decoupage L1/partagee du pilote ; consequence : TILE_BLOCKS a une valeur PAR ARCHITECTURE, decision d operateur, et elle touche Planes14 autant que Tetra"
2026-09-09,,etape 6.0 encodage Tetra+Q5,mac,0,0.00,tetra-q5-encodage-2026-09-09.txt,"L OBJET SERVI EXISTE : 1 794 564 765 o, format v5, 252 matrices dont 36 en int4 g128, verify_artifact 3 633 315 840 poids identiques bit pour bit, 1 h 58 sur le Mac a 0 $ ; prediction signee 2 sur 5 : duree hors plage (197 s/bloc contre 245, les v_proj ne voient ni GPTQ ni le reseau), taille fausse d un facteur 10 (+24.0 Mo contre +0.5 a +2.5 predits, une multiplication oubliee) et PERPLEXITE DANS LE MAUVAIS SENS (x1.334 contre x1.3203, environ +1 pc) la ou je predisais une amelioration ; SIXIEME DISSOCIATION : Q5 achete +3.47 pp de MMLU et paie 1 pc de ppl, meme forme que le radial de M1 ; la ligne disque <= aujourd hui de F1e est definitivement morte"
2026-09-10,6aa1ebf421047bf1b0371174,f1d-rtx,rtx-pro-6000,37,1.67,f1d-2026-09-10.txt,"F1d SUR BLACKWELL, TROIS TUILES DANS UN JOB : la porte t <= t(Planes14) TOMBE a la tuile servie et PASSE a l optimum de la carte. tetra48 vs planes14 = 0.82x [0.81-0.82] a 128, 0.86x a 64, 1.03x [0.99-1.07] a 32 ; a tete egale 0.84 / 0.88 / 1.03. A 32 les deux formats sont EGAUX DANS LA MESURE, l intervalle contient 1, ce n est pas Tetra plus rapide. b/poids 2.150 soit le 2.1498 du dossier reproduit, contre 4.804 pour Planes14 : Tetra lit 0.98 Go par passe contre 2.18. tv_f1r_v3g 40 registres 0 local sur sm_120. 252 sur 252 matrices appariees par nom, erreur pire 2.0e-8. Deux fichiers, un processus, rien de televerse : les deux etaient deja dans le seau. Image 2315370, preregistre et tamponne, six ecarts consignes dont un chiffre faux corrige avant le lancement"
2026-09-10,6aa1ec1d5527934177ebe813,f1d-l40s,l40sx1,61,1.81,f1d-2026-09-10.txt,"F1d SUR ADA : LA PORTE PASSE A LA TUILE SERVIE. tetra48 vs planes14 = 1.17x [1.16-1.17] a 128 et 1.34x [1.34-1.34] a 64 ; a tete f16 1.13 et 1.26. Tetra est le bras LLVQ le plus rapide du tableau, 2.54x FP16 contre 2.17x pour Planes14, en lisant 0.98 Go par passe contre 2.18 soit 2.23x moins d octets a 2.150 b/poids contre 4.804. LE RESULTAT EST RENVERSE D UNE CARTE A L AUTRE : 1.17x sur Ada, 0.82x sur Blackwell, a la MEME configuration servie ; sur Blackwell il faut la tuile 32 pour atteindre 1.03x dont l intervalle contient 1. La tuerie de la ROADMAP, plus lent pour moins d octets, est donc vraie sur une carte et fausse sur l autre. TUE AU PLAFOND de 60 min pendant le troisieme processus, deux colonnes sur trois : la saveur l40sx1 porte 8 vCPU contre 23 pour rtx-pro-6000 et la construction de planesbench est bornee par le CPU ; plafond chiffre sur l observation d une carte a 23 vCPU et lance sur une a 8, un processus par job la prochaine fois"
